Date,Bitcoin,Ethereum,Litecoin
17/11/2019,8522.93,183.58,59.17
16/11/2019,8481,182.25,58.21
15/11/2019,8457.48,179.82,57.53
14/11/2019,8630,184.55,58.91
13/11/2019,8758.34,187.72,60.84
12/11/2019,8810,186.98,61.4
11/11/2019,8721.54,184.65,61.74
10/11/2019,9032.23,188.88,63.66
09/11/2019,8807.89,184.77,62.04
08/11/2019,8763.01,183.62,60.4
07/11/2019,9198.84,186.42,61.37
06/11/2019,9341.27,191.13,64.16
05/11/2019,9322.09,188.88,63.16
04/11/2019,9412.53,186.25,61.41
03/11/2019,9206.52,181.73,58.34
02/11/2019,9308.52,183.25,58.38
01/11/2019,9253.12,183.19,58.34
31/10/2019,9159.48,182.38,58.37
30/10/2019,9164.44,183.38,57.96
29/10/2019,9430.8,191.1,59.84
28/10/2019,9226.5,182.02,57.83
27/10/2019,9548.84,184.41,59.91
26/10/2019,9259.78,180.03,56.88
25/10/2019,8668,181.66,56.95
24/10/2019,7430.87,160.67,49.66
23/10/2019,7474.85,162.49,49.54
22/10/2019,8024.72,171.3,53.42
21/10/2019,8209.92,174.37,54.72
20/10/2019,8236.12,175.49,54.96
19/10/2019,7965.28,172.09,53.81
18/10/2019,7954.16,172.96,53.31
17/10/2019,8076.2,177.31,54.95
16/10/2019,7993.54,174.5,52.51
15/10/2019,8162.44,180.58,54.56
14/10/2019,8355,186.85,56.87
13/10/2019,8282.97,181.18,56.48
12/10/2019,8309.03,179.86,55.77
11/10/2019,8267.33,180.84,55.94
10/10/2019,8587.5,191.79,57.77
09/10/2019,8590,193.26,59.26
08/10/2019,8180,180.72,57
07/10/2019,8209,180.26,57.56
06/10/2019,7859.79,170.18,54.48
05/10/2019,8147.63,176.73,56.85
04/10/2019,8156.67,175.97,56.51
03/10/2019,8240.41,175.05,56.44
02/10/2019,8381.72,180.82,56.43
01/10/2019,8321.52,176.15,55.8
30/09/2019,8304.96,181.17,56.09
29/09/2019,8052.4,169.38,53.91
28/09/2019,8217.47,173.9,55.53
27/09/2019,8193.99,174.44,56.05
26/09/2019,8060,165.85,55.21
25/09/2019,8438.35,170,57.53
24/09/2019,8530.01,166.26,55.5
23/09/2019,9693.74,200.8,66.47
22/09/2019,10026.8,211.1,72.26
21/09/2019,9973.99,214.8,73.18
20/09/2019,10168.85,218.06,75.1
19/09/2019,10275.01,220.8,76.82
18/09/2019,10155.26,210.27,77.75
17/09/2019,10185.39,207.95,74.13
16/09/2019,10262.54,197.59,72.76
15/09/2019,10304.46,189.3,70.14
14/09/2019,10360.25,188.85,70.62
13/09/2019,10365.93,181.65,69.09
12/09/2019,10423.72,181.09,69.28
11/09/2019,10160.2,178.3,69.81
10/09/2019,10093.01,179.64,70.75
09/09/2019,10310,180.63,69.93
08/09/2019,10398.97,181.56,70.56
07/09/2019,10484.37,178.08,68.87
06/09/2019,10308.92,169.2,64.98
05/09/2019,10574.73,174,65.27
04/09/2019,10581.84,174.82,67.13
03/09/2019,10628.48,178.96,69.12
02/09/2019,10381.26,178.8,67.2
01/09/2019,9766.52,171.29,66.1
31/08/2019,9600.86,171.93,64.35
30/08/2019,9582.42,168.4,64.21
29/08/2019,9495,168.82,63.46
28/08/2019,9714.31,172.79,66.79
27/08/2019,10171.85,186.94,72.75
26/08/2019,10361.65,188.3,73.38
25/08/2019,10138.72,186.59,72.15
24/08/2019,10147.96,190.89,73.4
23/08/2019,10410.85,194.59,75.48
22/08/2019,10107.15,190.41,73.39
21/08/2019,10130,187.37,73.19
20/08/2019,10769.09,196.56,75.11
19/08/2019,10920,202.32,77.16
18/08/2019,10315.48,194.74,76.34
17/08/2019,10217.79,185.59,72.71
16/08/2019,10352.78,185.26,74.76
15/08/2019,10300.01,188.2,76.25
14/08/2019,10025.86,186.3,75.81
13/08/2019,10854.92,208.58,84.53
12/08/2019,11389.28,211.26,85.78
11/08/2019,11540.76,216.06,89.78
10/08/2019,11280.95,206.1,85.17
09/08/2019,11856.1,210.3,84.32
08/08/2019,11981,220.81,90
07/08/2019,11975.03,225.8,90.5
06/08/2019,11465.49,225.81,92.88
05/08/2019,11819.49,233,96.39
04/08/2019,10977.51,222.81,92.95
03/08/2019,10820.76,222.14,94.2
02/08/2019,10533.01,217.8,94.83
01/08/2019,10405.94,217.55,98.89
31/07/2019,10087.3,218.7,98.89
30/07/2019,9589.01,209.83,90.33
29/07/2019,9495.01,210.73,90.24
28/07/2019,9533,211.5,90.02
27/07/2019,9479.98,207.11,88.87
26/07/2019,9843,219.35,94.33
25/07/2019,9883.33,219.28,93.29
24/07/2019,9772.6,216.59,94.45
23/07/2019,9840.12,211.93,90.02
22/07/2019,10323.39,217.13,95.12
21/07/2019,10590.7,225.64,99.76
20/07/2019,10761.03,228.89,100.48
19/07/2019,10538.06,221.21,98.75
18/07/2019,10649.07,226.31,101.4
17/07/2019,9696.31,211.4,90.25
16/07/2019,9422.72,198.89,79.68
15/07/2019,10854.47,228.28,90.5
14/07/2019,10185.03,225.76,89.72
13/07/2019,11370.08,269.04,101.15
12/07/2019,11802,275.55,105.16
11/07/2019,11349,268.68,102.94
10/07/2019,12097.96,288.64,108.28
09/07/2019,12571.11,307.92,119.51
08/07/2019,12293.53,313.24,123.5
07/07/2019,11474.42,306.34,120.18
06/07/2019,11237.77,287.57,118.25
05/07/2019,11004.51,288,118.54
04/07/2019,11136,282.8,119.59
03/07/2019,11976.42,301.79,121.78
02/07/2019,10829.18,291.25,118.59
01/07/2019,10577.63,293.7,122.54
30/06/2019,10761.26,290.07,122.06
29/06/2019,11865.29,317,133.21
28/06/2019,12360.45,309.37,119.47
27/06/2019,11159.29,293.47,114.16
26/06/2019,12927.44,334.86,130.64
25/06/2019,11755.53,316.59,135.55
24/06/2019,11032.32,311,135.26
23/06/2019,10833.02,306.98,136.66
22/06/2019,10666.86,308.49,141.46
21/06/2019,10236.2,296.25,139.04
20/06/2019,9531.21,272,135.75
19/06/2019,9277.54,268.79,136.81
18/06/2019,9078.48,264.37,135.1
17/06/2019,9333.14,273.97,134.21
16/06/2019,8975,268.33,137
15/06/2019,8860.23,269.29,138.35
14/06/2019,8697.46,263.8,132.56
13/06/2019,8239.04,255.4,130.89
12/06/2019,8176.02,262.92,136.19
11/06/2019,7918.17,245.11,136.2
10/06/2019,8015.69,247.84,129.76
09/06/2019,7634.58,231.3,114.83
08/06/2019,7930.14,244.3,118.5
07/06/2019,7998.13,249.49,117.07
06/06/2019,7805,249.4,111.47
05/06/2019,7789.48,246.32,103.79
04/06/2019,7670.96,240.93,102.14
03/06/2019,8107.96,249.55,105.87
02/06/2019,8736.55,269.23,114.55
01/06/2019,8558.95,264.78,112.48
31/05/2019,8554.06,267.74,114.47
30/05/2019,8279.69,254.62,107.95
29/05/2019,8662.44,269.39,115.29
28/05/2019,8715.36,271.15,114.95
27/05/2019,8772.29,271.24,116.5
26/05/2019,8731.72,268.37,112.56
25/05/2019,8063.81,251.55,103.02
24/05/2019,8001.7,249.83,100.5
23/05/2019,7881.98,245.64,88.95
22/05/2019,7626.48,243.32,87.72
21/05/2019,7951.7,254.74,91.25
20/05/2019,7999.54,252.22,91.69
19/05/2019,8200,261.09,95.06
18/05/2019,7262.4,234.03,86.65
17/05/2019,7363.69,244.59,89.88
16/05/2019,7878.96,264.39,95.75
15/05/2019,8203.32,249,102.26
14/05/2019,7990.92,217.44,91.69
13/05/2019,7824.93,196.51,87.78
12/05/2019,6979.76,188.23,84.79
11/05/2019,7219.95,192.52,88.31
10/05/2019,6343.14,172.21,76.68
09/05/2019,6153.09,170.11,73.76
08/05/2019,5948.41,169.58,73.83
07/05/2019,5907.47,177.23,76.34
06/05/2019,5687.9,171.07,74.09
05/05/2019,5715.86,161.25,74.79
04/05/2019,5770.01,161.85,76.92
03/05/2019,5657.4,164.74,77.72
02/05/2019,5390.01,158.7,72.16
01/05/2019,5321.15,158.3,72.52
30/04/2019,5270.69,160.4,73.51
29/04/2019,5148.25,152.36,66.55
28/04/2019,5155,153.19,67.78
27/04/2019,5170.6,155.66,70.55
26/04/2019,5159.51,153.41,71.64
25/04/2019,5134.81,152.05,70.67
24/04/2019,5441.9,165.75,73.14
23/04/2019,5532.75,170.14,74.32
22/04/2019,5387.6,171.6,76.93
21/04/2019,5297.64,169.9,77.23
20/04/2019,5319.89,173.73,81.69
19/04/2019,5290.37,173.83,82.57
18/04/2019,5281.81,174.15,82.07
17/04/2019,5227,166.54,79.15
16/04/2019,5202.9,166.38,80.89
15/04/2019,5029.99,160.24,78.24
14/04/2019,5164.27,168.27,83.77
13/04/2019,5066.22,163.75,77.95
12/04/2019,5078.19,164.27,78.92
11/04/2019,5040.12,164.92,79.23
10/04/2019,5318.58,177.55,88.43
09/04/2019,5193.49,175.83,86.89
08/04/2019,5285.54,180.74,89.49
07/04/2019,5194.79,174.84,91.88
06/04/2019,5044.13,165.79,92.37
05/04/2019,5040.66,166.08,88.88
04/04/2019,4907.3,157.65,84.95
03/04/2019,4975.97,161.33,85.72
02/04/2019,4901.93,164.69,77.5
01/04/2019,4137.01,141,60.35
19/03/2019,3975.01,137.59,59.32
18/03/2019,3970.5,137.01,58.99
17/03/2019,3967.01,138.07,60.29
16/03/2019,3990,140.48,61.01
15/03/2019,3902.8,135.99,58.13
14/03/2019,3853.95,131.4,55.61
13/03/2019,3851.02,131.16,55.06
12/03/2019,3860,132.8,56.2
11/03/2019,3849.68,132.05,54.65
10/03/2019,3900.92,134.66,56.3
09/03/2019,3917,136.41,57.43
08/03/2019,3843.12,132.75,55.33
07/03/2019,3857.05,136.29,56.51
06/03/2019,3851.89,137,55.17
05/03/2019,3844.59,136.3,52.3
04/03/2019,3700.72,125.24,45.64
03/03/2019,3786.93,129.78,47.49
02/03/2019,3809.7,132.32,48.25
01/03/2019,3806.17,134.72,46.81
28/02/2019,3792.14,134.48,45.44
27/02/2019,3799.92,134.46,44.96
26/02/2019,3799.48,135.76,44.66
25/02/2019,3818.79,137.64,45.37
24/02/2019,3734.22,131.76,43.57
23/02/2019,4110,157.56,51.19
22/02/2019,3942.02,146.68,49.07
21/02/2019,3897.71,144.21,48.46
20/02/2019,3938.99,147.19,51.08
19/02/2019,3888.01,142.69,46.91
18/02/2019,3867,144.56,47.34
17/02/2019,3625.08,132.34,43.45
16/02/2019,3582.37,121.56,43.15
15/02/2019,3566.59,120.42,42.08
14/02/2019,3561.5,119.39,40.93
13/02/2019,3576.68,120.74,41.21
12/02/2019,3588.06,120.82,43.35
11/02/2019,3590.36,119.55,42.37
10/02/2019,3648.85,123.94,46.51
09/02/2019,3623.73,118.06,44.2
08/02/2019,3622,117.98,42.56
07/02/2019,3359,103.21,32.85
06/02/2019,3367.36,103.36,32.47
05/02/2019,3428.4,106,33.95
04/02/2019,3409.57,106.08,33.64
03/02/2019,3414.78,105.94,32.87
02/02/2019,3468.43,109.3,34.18
01/02/2019,3437.5,105.88,32.37
31/01/2019,3411.49,105.79,31.24
30/01/2019,3437.55,107.61,31.53
29/01/2019,3397.42,104.02,30.69
28/01/2019,3429.95,105.47,30.96
27/01/2019,3531.01,111.35,32.02
26/01/2019,3556.07,115.01,32.64
25/01/2019,3562.18,114.95,32.73
24/01/2019,3568.97,116.4,32.47
23/01/2019,3553.01,116.55,31.6
22/01/2019,3577.03,118.1,31.48
21/01/2019,3531.76,115.86,30.82
20/01/2019,3536.19,117.43,30.61
19/01/2019,3682.65,123.17,32.22
18/01/2019,3607.85,119.53,30.96
17/01/2019,3640.65,122.55,31.62
16/01/2019,3609.71,122.12,31.4
15/01/2019,3580.76,120.06,31.01
14/01/2019,3664.19,128.37,32.07
13/01/2019,3514.24,115.55,29.92
12/01/2019,3619.41,124.59,32.04
11/01/2019,3635.69,125.83,31.79
10/01/2019,3626.12,126.41,33.27
09/01/2019,4004.12,149.5,38.58
08/01/2019,3993.86,148.97,39.13
07/01/2019,4006.01,150.62,37.66
06/01/2019,4040.99,155.92,38.88
05/01/2019,3798.62,154.21,34.48
04/01/2019,3820.25,153.24,32.02
03/01/2019,3787.57,147.23,31.6
02/01/2019,3890.79,153.5,32.94
01/01/2019,3826.09,139.75,31.68
31/12/2018,3691.86,130.53,29.78
30/12/2018,3829,138.78,31.56
29/12/2018,3729.31,134.15,30.69
28/12/2018,3888.06,136.82,32.22
27/12/2018,3589.89,114.63,27.72
26/12/2018,3809.88,130.47,30.52
25/12/2018,3780,128.82,30.77
24/12/2018,4034,139.03,33.05
23/12/2018,3944.93,129.61,33.07
22/12/2018,3980.46,116.09,31.59
21/12/2018,3839.06,107.74,30.2
20/12/2018,4075.34,114.6,32.36
19/12/2018,3682.51,99.34,29.05
18/12/2018,3667.77,101,30.12
17/12/2018,3496.82,93.79,28.88
16/12/2018,3195,83.74,25.24
15/12/2018,3183,83.03,23.4
14/12/2018,3195.71,83,23.17
13/12/2018,3265,85.35,22.84
12/12/2018,3430.24,89.09,24
11/12/2018,3355.68,87.23,23.28
10/12/2018,3410.15,89.23,23.97
09/12/2018,3531.18,92.79,25.3
08/12/2018,3401,89.99,24.19
07/12/2018,3380.01,92.45,24.77
06/12/2018,3433.26,89.25,26.25
05/12/2018,3694.39,100.71,28.71
04/12/2018,3901.84,108.61,30.71
03/12/2018,3833.47,107.21,30.5
02/12/2018,4103.19,114.76,33.34
01/12/2018,4142.01,116.82,33.77
30/11/2018,3975.48,111.88,31.66
29/11/2018,4248,116.38,33.5
28/11/2018,4225.03,121.95,34.43
27/11/2018,3775,108.58,30.85
26/11/2018,3731.32,106.95,29.1
25/11/2018,3936.69,114.3,30.43
24/11/2018,3774.99,110.08,28.6
23/11/2018,4283.8,121.44,31.69
22/11/2018,4263.66,123.2,31.3
21/11/2018,4545.11,134.73,34.29
20/11/2018,4349.23,127.55,32.28
19/11/2018,4733.5,145.21,35.75
18/11/2018,5560,175.87,41.86
17/11/2018,5504.17,172.48,41.54
16/11/2018,5512.24,172.4,41.73
15/11/2018,5579.52,178.89,43.36
14/11/2018,5605.46,177.79,42.69
13/11/2018,6259.35,203.2,48.84
12/11/2018,6327.86,208.77,50.33
11/11/2018,6357.6,209.88,50.8
10/11/2018,6347.42,210.29,51.86
09/11/2018,6334.89,208.01,51.66
08/11/2018,6406.25,210.34,52.04
07/11/2018,6503.12,216.84,53.82
06/11/2018,6448.5,218.51,55.84
05/11/2018,6404,208.53,53.45
04/11/2018,6423.28,210.06,53.88
03/11/2018,6331.96,198.35,50.61
02/11/2018,6349.8,199.75,51.13
01/11/2018,6343.99,197.96,50.19
31/10/2018,6304.18,196.95,49.47
30/10/2018,6267.63,195.35,48.95
29/10/2018,6266,194.29,48.44
28/10/2018,6403.62,202.43,51.53
27/10/2018,6409.12,201.46,51.53
26/10/2018,6404.87,200.7,51.59
25/10/2018,6395.58,199.65,51.71
24/10/2018,6415.97,200.68,51.85
23/10/2018,6395.14,201.12,52.1
22/10/2018,6407.65,201.25,51.67
21/10/2018,6415.88,202.12,52.23
20/10/2018,6414,202.69,52.83
19/10/2018,6382.98,200,52.5
18/10/2018,6394.96,199.09,51.73
17/10/2018,6443.7,203.21,52.81
16/10/2018,6422.16,203.55,53.44
15/10/2018,6436.98,204.12,53.39
14/10/2018,6183.49,191.87,51.36
13/10/2018,6196,196.72,53.05
12/10/2018,6188.01,194.1,53.03
11/10/2018,6154.69,188.32,50.55
10/10/2018,6524.56,223.61,57.49
09/10/2018,6589.48,226.15,58.43
08/10/2018,6608.07,227.68,59.24
07/10/2018,6570,224.82,57.9
06/10/2018,6552.43,223.85,57.7
05/10/2018,6593.94,226.89,58.47
04/10/2018,6547.45,221,58
03/10/2018,6466.03,219.01,57.25
02/10/2018,6498.46,224.85,59.2
01/10/2018,6572.83,230.4,60.22
30/09/2018,6605,232.27,61.05
29/09/2018,6582,231.01,61.45
28/09/2018,6620.01,220.67,61.75
27/09/2018,6680.01,229,63.11
26/09/2018,6455.66,214.15,57.21
25/09/2018,6436.89,219.19,57.57
24/09/2018,6582.09,228.01,57.94
23/09/2018,6696.99,244.35,61.31
22/09/2018,6707.33,240.71,60.53
21/09/2018,6750,247.76,60.83
20/09/2018,6493.11,224.41,56.56
19/09/2018,6386.94,209.81,54.28
18/09/2018,6335.7,208.5,54
17/09/2018,6250.7,195.97,52.05
16/09/2018,6498,220.19,56.78
15/09/2018,6518.68,221.69,56.34
14/09/2018,6478.04,210,56.33
13/09/2018,6485.99,211.39,54.66
12/09/2018,6326,182.79,51.6
11/09/2018,6282.53,185.15,51.97
10/09/2018,6299.99,196.94,54.3
09/09/2018,6235.01,195.91,54.71
08/09/2018,6188,197,53.2
07/09/2018,6395.01,215.21,55.5
06/09/2018,6495,229.66,57.48
05/09/2018,6687.96,227.56,57.68
04/09/2018,7360,285.43,67.75
03/09/2018,7256.98,288.6,65.37
02/09/2018,7295,295.06,66.23
01/09/2018,7191.08,294.64,66.47
31/08/2018,7015.01,281.94,62.13
30/08/2018,6983,284.52,60.25
29/08/2018,7030.9,289,61.54
28/08/2018,7071.01,295.39,63.18
27/08/2018,6911.9,287.99,60.7
26/08/2018,6709.98,274.25,57.11
25/08/2018,6737.52,277.97,58.01
24/08/2018,6690.88,281.35,57.94
23/08/2018,6526.36,275.87,57.31
22/08/2018,6359.99,270.47,55.2
21/08/2018,6475.9,281.49,56.39
20/08/2018,6258.74,270.76,53.39
19/08/2018,6489.53,300.03,57.85
18/08/2018,6396.64,296.61,57.38
17/08/2018,6585.49,317.54,61.82
16/08/2018,6315.9,286.67,55.47
15/08/2018,6269.01,281.21,54.44
14/08/2018,6195.01,278.37,54.39
13/08/2018,6253.67,284.11,56.48
12/08/2018,6112.21,312.65,55.75
11/08/2018,6112.21,312.65,55.75
10/08/2018,6146.01,330.99,59.14
09/08/2018,6546.46,363.99,63.08
08/08/2018,6282.5,355.7,62.27
07/08/2018,6718.22,378.08,67.36
06/08/2018,6938,404.99,73.58
05/08/2018,7030.01,408.83,74.65
04/08/2018,7005,407,73.04
03/08/2018,7414.08,417.8,77.6
02/08/2018,7533.92,410.71,76.23
01/08/2018,7603.99,419.6,77.64
31/07/2018,7727.27,432.16,78.86
30/07/2018,8170.01,456.47,82.22
29/07/2018,8216.34,466.01,83.93
28/07/2018,8228.9,468.12,83.99
27/07/2018,8184.21,469.3,84.52
26/07/2018,7931.99,461.42,83.46
25/07/2018,8157.15,470.81,86.35
24/07/2018,8401.01,478.78,89.06
23/07/2018,7720.09,449,81.52
22/07/2018,7397.8,456.9,82.22
21/07/2018,7408,461.5,83.5
20/07/2018,7334.46,448.21,81.72
19/07/2018,7470.01,468.39,86.14
18/07/2018,7378.99,478.81,86.27
17/07/2018,7315.01,499.01,88.98
16/07/2018,6728.81,478.18,83.53
15/07/2018,6348.73,449.41,78.51
14/07/2018,6248.65,434.13,76.2
13/07/2018,6216.29,432.8,76.68
12/07/2018,6249.75,431.46,76.97
11/07/2018,6390.04,446.25,78.35
10/07/2018,6303.7,432.59,75.95
09/07/2018,6664.01,471.6,80.49
08/07/2018,6701.97,486.08,82.2
07/07/2018,6753.28,484.48,84.7
06/07/2018,6600,469.3,82.96
05/07/2018,6532.95,467.25,83.29
04/07/2018,6587.47,466.9,85.4
03/07/2018,6502.62,461.75,84.96
02/07/2018,6611.79,476.34,85.45
01/07/2018,6349.5,451.43,79.89
30/06/2018,6383.19,453.29,81.01
29/06/2018,6202.36,434.6,78.94
28/06/2018,5851.66,420,74.25
27/06/2018,6132.17,441.41,80.73
26/06/2018,6074.94,429.08,75.8
25/06/2018,6246.01,458.41,81.67
24/06/2018,6149.99,454.79,80.61
23/06/2018,6178.29,475.17,83.21
22/06/2018,6059.82,462.01,85.03
21/06/2018,6719.01,525.49,96.69
20/06/2018,6756.1,536,97.83
19/06/2018,6736.41,538.5,98.58
18/06/2018,6709.02,517.47,98.63
17/06/2018,6447.16,496.5,95.01
16/06/2018,6484.29,497.31,96.67
15/06/2018,6391.22,487.45,95.54
14/06/2018,6638.49,519.75,101.12
13/06/2018,6302.32,476.02,93.82
12/06/2018,6544.99,494.14,100.19
11/06/2018,6881,531.68,107.47
10/06/2018,6770.31,525.25,106.97
09/06/2018,7496.4,593.41,117.43
08/06/2018,7618.8,598.59,120.04
07/06/2018,7684.93,603.56,121.63
06/06/2018,7655,606.18,121.37
05/06/2018,7612.51,607.6,121.87
04/06/2018,7487.37,591.5,119.87
03/06/2018,7706.37,618.63,125
02/06/2018,7636.42,590.46,123.66
01/06/2018,7514.32,578.89,119.88
31/05/2018,7485,577.1,118.36
30/05/2018,7380.01,557.22,117.18
29/05/2018,7460,566.66,119.52
28/05/2018,7107.94,511.33,111.24
27/05/2018,7346.64,570.75,117.83
26/05/2018,7337.95,584.99,118.33
25/05/2018,7459.11,584.02,119.05
24/05/2018,7584.15,603,122.99
23/05/2018,7505,577.2,118.85
22/05/2018,7987.7,640.5,128.11
21/05/2018,8393.44,696.77,134.26
20/05/2018,8516.86,714,139.38
19/05/2018,8235.6,695.96,135
18/05/2018,8238.51,694.5,136.3
17/05/2018,8059,668.56,132.65
16/05/2018,8344,707.45,139.36
15/05/2018,8477.46,706.08,139.78
14/05/2018,8670,726.9,147.32
13/05/2018,8686.1,729.29,144.43
12/05/2018,8475,684.66,142
11/05/2018,8403.33,678.05,136.51
10/05/2018,9010.51,723.51,148.18
09/05/2018,9300.08,750,156.83
08/05/2018,9177.81,746.99,158.98
07/05/2018,9353,752.42,164.09
06/05/2018,9600,784.28,171.07
05/05/2018,9800,812,177.73
04/05/2018,9685,783.01,168.2
03/05/2018,9725.74,775.51,161
02/05/2018,9190.48,685.02,150.8
01/05/2018,9072.29,670.75,147.99
30/04/2018,9243.83,669.81,148.32
29/04/2018,9389.01,687.51,153.24
28/04/2018,9329.99,682,151.82
27/04/2018,8922.55,642.77,145.9
26/04/2018,9272.11,661.13,153.1
25/04/2018,8865.98,617.49,145
24/04/2018,9648,703.38,164.72
23/04/2018,8931.3,642.85,152.59
22/04/2018,8795.01,621,146.59
21/04/2018,8915.42,605.16,148.3
20/04/2018,8866.27,617.17,155.71
19/04/2018,8274,567.29,146.34
18/04/2018,8152.05,525.89,140.49
17/04/2018,7892.1,502.42,132.21
16/04/2018,8048.93,511.28,128.63
15/04/2018,8355.25,533.74,132.52
14/04/2018,8003.11,502.4,126.42
13/04/2018,7893.19,495.22,125.46
12/04/2018,7916,493.41,129.53
11/04/2018,6942.99,430.81,117.95
10/04/2018,6824.99,415.45,114.16
09/04/2018,6771.13,398.8,114.91
08/04/2018,7020.01,399.9,117.67
07/04/2018,6894.01,384.61,116.06
06/04/2018,6619.01,370.32,112.93
05/04/2018,6785.85,381.55,118.78
04/04/2018,6791.68,378.43,118.24
03/04/2018,7424.9,416.38,134.12
02/04/2018,7045.01,384,119.1
01/04/2018,6816.01,378.18,114.96
31/03/2018,6928.5,394.54,116.28
30/03/2018,6848.01,394.46,118.45
29/03/2018,7079.99,383.29,114.53
28/03/2018,7942.72,445.47,131.7
27/03/2018,7793.61,449,134.64
26/03/2018,8145,486.75,148.24
25/03/2018,8453,522.55,160.18
24/03/2018,8531.34,519.57,159
23/03/2018,8927.1,543.04,168.64
22/03/2018,8715.09,539.89,163.83
21/03/2018,8891.81,559.98,168.69
20/03/2018,8900,558,169.17
19/03/2018,8589.01,555.55,161.33
18/03/2018,8192,538,154
17/03/2018,7857.6,549.79,152.66
16/03/2018,8275,600.52,165.32
15/03/2018,8259.99,610.99,164.21
14/03/2018,8207.02,614.63,160.69
13/03/2018,9145.41,690.39,175.5
12/03/2018,9120,696.51,177.89
11/03/2018,9533.88,719.79,188.33
10/03/2018,8795.44,683.6,177.67
09/03/2018,9255,728.46,186.33
08/03/2018,9304.89,698.83,175.79
07/03/2018,9925,751.38,186.42
06/03/2018,10700,815.43,196.63
05/03/2018,11377.54,848.83,210.71
04/03/2018,11469.9,861.74,212.97
03/03/2018,11432.5,854.34,210.4
02/03/2018,11000,854.31,212
01/03/2018,10895.92,868.74,209.2
28/02/2018,10307.27,849.99,202.12
27/02/2018,10566.57,870.98,215.15
26/02/2018,10300,867.09,218.74
25/02/2018,9597.99,841.96,218.77
24/02/2018,9688.62,833.2,206.15
23/02/2018,10144.99,854.01,206.52
22/02/2018,9830,806,192.99
21/02/2018,10454.27,840.34,210.23
20/02/2018,11235.57,884.76,229.5
19/02/2018,11140,939.01,222.1
18/02/2018,10380.04,912.41,214.5
17/02/2018,11121.5,975,229.9
16/02/2018,10167.49,936.02,228.24
15/02/2018,10031.23,929.3,221.18
14/02/2018,9472.98,920.27,211.86
13/02/2018,8520.01,840.49,158.91
12/02/2018,8872.28,864.4,161.5
11/02/2018,8072.99,811.35,149.26
10/02/2018,8547.49,849.47,155.08
09/02/2018,8671.01,875.99,164.1
08/02/2018,8218.1,812,149.1
07/02/2018,7575.75,750.04,137.8
06/02/2018,7688.46,783.83,141.5
05/02/2018,6905.19,693.54,124.98
04/02/2018,8167.9,826,147.5
03/02/2018,9240,969.4,160.97
02/02/2018,8787.52,911.99,130.69
01/02/2018,9010.61,1017.48,140.6
31/01/2018,10099.99,1105,161.9
30/01/2018,9995,1054.39,164.25
29/01/2018,11123.01,1162.27,179.57
28/01/2018,11536,1215.01,191.12
27/01/2018,11319,1100,179.65
26/01/2018,11086.89,1045.57,175.71
25/01/2018,11118,1040,178.86
24/01/2018,11356.79,1056.99,180.6
23/01/2018,10824.94,984.03,178.27
22/01/2018,10766.7,999.68,179.42
21/01/2018,11518.16,1047.13,191.25
20/01/2018,12762.8,1150.02,210.91
19/01/2018,11498.99,1037.45,192.5
18/01/2018,11305.53,1025.78,192.6
17/01/2018,11200.01,1028.06,189
16/01/2018,11570.01,1080,193.26
15/01/2018,13590,1278.63,232.51
14/01/2018,13656.23,1365.46,237.89
13/01/2018,14187.95,1386.02,258
12/01/2018,13820,1260,235.52
11/01/2018,13308.06,1137.01,226.91
10/01/2018,14875.18,1246.95,248.8
09/01/2018,14480.99,1290.01,246.89
08/01/2018,14993.74,1137.01,255.21
07/01/2018,16174.22,1118.3,272.06
06/01/2018,17099,1006.68,279.42
05/01/2018,16960.01,969.27,246.23
04/01/2018,15144.99,949,238.91
03/01/2018,15098.14,938.31,244.99
02/01/2018,14781.51,865,253.31
01/01/2018,13480.01,759.03,225.22
31/12/2017,13863.13,741.27,227.17
30/12/2017,12839.99,710.58,216.03
29/12/2017,14565.05,748.89,245.79
28/12/2017,14450.01,719.5,251.18
27/12/2017,15367.08,739.99,264.4
26/12/2017,15790.88,755.07,280.1
25/12/2017,14171.98,740.5,273.52
24/12/2017,14221.94,697.04,278.81
23/12/2017,15065.51,732.8,293.03
22/12/2017,14210.57,682.11,267.79
21/12/2017,15758.8,796.98,311
20/12/2017,16496.9,802.86,305.59
19/12/2017,17838.73,826.65,350.79
18/12/2017,19039,785.65,359.4
17/12/2017,19378.99,732.18,324.74
16/12/2017,19650,704.27,306.86
15/12/2017,17738.67,693.5,303.79
14/12/2017,16749.79,705.01,283.8
13/12/2017,16689.61,711.94,312.89
12/12/2017,17730.12,686.82,352.08
11/12/2017,16885.75,518,218.6
10/12/2017,15290.01,447.71,150.99
09/12/2017,15309.98,485.04,160.95
08/12/2017,16367.03,463.45,128.97
07/12/2017,17390.01,433.28,97.96
06/12/2017,14090,432.49,100.01
05/12/2017,11718.35,457.3,101.01
04/12/2017,11643.98,468.22,104.28
03/12/2017,11290,464.76,101.2
02/12/2017,10930.23,460.34,99.65
01/12/2017,10869.84,463.82,100.16
30/11/2017,9903,434.03,85.82
29/11/2017,9935.98,434.01,86.7
28/11/2017,9949,468.52,94.49
27/11/2017,9768.71,477.53,91.38
26/11/2017,9401.11,473.99,86.62
25/11/2017,8795.5,466.77,89.13
24/11/2017,8215.01,470.98,77.54
23/11/2017,8031.16,406.61,73.3
22/11/2017,8250,381.73,72.31
21/11/2017,8109,361.51,70
20/11/2017,8256.01,368.24,72.62
19/11/2017,8031.82,354.59,71.7
18/11/2017,7777.01,346.6,69.35
17/11/2017,7714.71,332.31,67.5
16/11/2017,7838.53,330.21,70.56
15/11/2017,7294,331.81,63.3
14/11/2017,6605,335.04,62.33
13/11/2017,6535.87,315.56,61.24
12/11/2017,5886.35,307.1,58.81
11/11/2017,6346.7,315.69,62.49
10/11/2017,6577.63,298.04,59.32
09/11/2017,7156,320.72,64.4
08/11/2017,7467.96,307.91,62.46
07/11/2017,7126.63,292.42,60.61
06/11/2017,6969.76,297.32,54.6
05/11/2017,7392,296.57,54.67
04/11/2017,7412.55,301.66,55.09
03/11/2017,7170.01,306,56.19
02/11/2017,7039.99,285.4,54.35
01/11/2017,6783.69,290.82,53
31/10/2017,6445.01,303.51,55.41
30/10/2017,6124.16,306.87,56.4
29/10/2017,6140.01,303.38,56.59
28/10/2017,5752.01,295.11,54.52
27/10/2017,5780,297.59,55.24
26/10/2017,5891.61,295.98,55.56
25/10/2017,5739.97,296.76,56.36
24/10/2017,5525.43,296.99,55.61
23/10/2017,5905.99,285.83,54.76
22/10/2017,6005.05,295.14,56.75
21/10/2017,6024.86,300,58.14
20/10/2017,5989.1,303.15,60.12
19/10/2017,5704.01,308.02,59.84
18/10/2017,5574.44,313.59,60.67
17/10/2017,5594,316.37,59.19
16/10/2017,5754.9,334.36,64.72
15/10/2017,5693.7,336.89,65.51
14/10/2017,5819.13,338.37,63.94
13/10/2017,5624.8,335.89,58.9
12/10/2017,5440,302.12,59.58
11/10/2017,4814.99,302,50.81
10/10/2017,4750,297.99,50.4
09/10/2017,4769.55,297,50.04
08/10/2017,4603.49,309.2,53.27
07/10/2017,4425,311.12,52.57
06/10/2017,4362.99,307.73,52.12
05/10/2017,4320.04,294.89,51.67
04/10/2017,4214.84,292,51.16
03/10/2017,4307.99,292.36,52.15
02/10/2017,4392.71,296.72,53.37
01/10/2017,4394.81,303.25,54.69
30/09/2017,4339,301.57,55.26
29/09/2017,4156.99,291.88,52.62
28/09/2017,4189.42,302.33,54.87
27/09/2017,4200,309.85,56.88
26/09/2017,3885.09,288.77,52.34
25/09/2017,3919.78,294.41,52.22
24/09/2017,3669.01,283.21,47.7
23/09/2017,3787.33,286.03,49.41
22/09/2017,3619.01,263.88,47.81
21/09/2017,3617.47,258.11,46.61
20/09/2017,3867.05,283.55,51.57
19/09/2017,3910.11,282.8,52.95
18/09/2017,4100,298,56.3
17/09/2017,3719.97,259.66,51.37
16/09/2017,3726.51,255.84,52.47
15/09/2017,3740.02,260.88,52.29
14/09/2017,3250.4,223.85,45.42
13/09/2017,3855.32,275.71,61.8
12/09/2017,4164.52,294.5,66
11/09/2017,4210.72,298.47,68.28
10/09/2017,4251.36,300.33,67.44
09/09/2017,4334.36,304.99,71.27
08/09/2017,4350,307.96,73.7
07/09/2017,4624.18,335.56,80.23
06/09/2017,4616.18,339.38,81.47
05/09/2017,4432.51,320.08,74.19
04/09/2017,4498.25,316.86,71.25
03/09/2017,4626.05,353.06,79.44
02/09/2017,4649.99,354.87,79.84
01/09/2017,4947.99,392.87,89.23
31/08/2017,4743.94,389.2,73.23
30/08/2017,4581.98,384.1,66.12
29/08/2017,4599,372.48,63.75
28/08/2017,4384.99,347.54,62.38
27/08/2017,4340.11,348.2,61.56
26/08/2017,4344.32,332.99,51.55
25/08/2017,4360,330.14,51.11
24/08/2017,4312.03,324.56,51.09
23/08/2017,4143.49,317.5,53.31
22/08/2017,4092,314.19,46.43
21/08/2017,4002,322,47.99
20/08/2017,4050.99,297.79,45.57
19/08/2017,4157.41,293.58,45.18
18/08/2017,4101.72,292.87,46.69
17/08/2017,4280.01,300.67,43.88
16/08/2017,4370.01,300.45,43.8
15/08/2017,4159.93,286.71,43.1
14/08/2017,4320.6,299.16,45.59
13/08/2017,4060.47,296.66,45.22
12/08/2017,3874,308.35,46.33
11/08/2017,3656.15,309.65,47.08
10/08/2017,3444.98,300.51,47.2
09/08/2017,3342.8,295.26,47.69
08/08/2017,3422.43,295.95,49.06
07/08/2017,3398.23,269.9,45.99
06/08/2017,3222.22,263.96,45.33
05/08/2017,3243.49,251.85,45.85
04/08/2017,2857.34,220.72,43.07
03/08/2017,2787.02,224,42.49
02/08/2017,2699.9,217.92,41.82
01/08/2017,2732.59,225.73,43.18
31/07/2017,2856.88,200.82,42.27
30/07/2017,2723.99,196.95,40.82
29/07/2017,2700.21,205.9,41.01
28/07/2017,2786.07,190.72,40.35
27/07/2017,2664.99,202.94,41.87
26/07/2017,2525.99,203.23,41.99
25/07/2017,2564,203.78,42.21
24/07/2017,2762.26,225.96,45.01
23/07/2017,2754.28,228.31,45.23
22/07/2017,2825.27,230.69,46.7
21/07/2017,2657.45,216.6,45.4
20/07/2017,2873.48,226.06,44.72
19/07/2017,2258.99,194.73,40.19
18/07/2017,2308.15,227.01,43.5
17/07/2017,2235.19,190.87,42.36
16/07/2017,1910.86,155.68,40.69
15/07/2017,1964.31,167.72,38.14
14/07/2017,2217.24,197.23,42.78
13/07/2017,2340,205,45.48
12/07/2017,2383.42,224.04,47
11/07/2017,2310.01,190.57,43.92
10/07/2017,2331.05,202.86,44.74
09/07/2017,2508.99,238.81,48.76
08/07/2017,2561.11,246.64,51.27
07/07/2017,2501.15,241.28,46.21
06/07/2017,2604.84,266.01,51.2
05/07/2017,2616.96,266.27,53.4
04/07/2017,2602,269.2,54.89
03/07/2017,2542.41,276.37,45.51
02/07/2017,2516.66,285,41.59
01/07/2017,2423.63,263.12,38.37
30/06/2017,2455.19,280.04,39.49
29/06/2017,2530,292.95,40.2
28/06/2017,2553.25,315.32,42
27/06/2017,2575.75,287.23,40.5
26/06/2017,2407.91,252.01,38.15
25/06/2017,2505.61,278.49,40.8
24/06/2017,2574.84,304.5,43.05
23/06/2017,2690.76,326.99,46.03
22/06/2017,2679.99,320.02,45.98
21/06/2017,2643.35,325.41,44
20/06/2017,2725.08,350.94,45.63
19/06/2017,2596.98,358.71,47.63
18/06/2017,2515.25,351.85,43.66
17/06/2017,2634.94,368.98,46.01
16/06/2017,2480.43,354.26,33.89
15/06/2017,2409.98,343.71,28.97
14/06/2017,2432.21,341.7,28.81
13/06/2017,2709.01,388,30.32
12/06/2017,2655.71,397.37,29.06
11/06/2017,2998.98,343.01,34.04
10/06/2017,2932.44,340.2,30.13
09/06/2017,2811.39,279.38,29.56
08/06/2017,2799.73,258.64,30.08
07/06/2017,2685.64,255.68,28.6
06/06/2017,2871.29,264.58,30.1
05/06/2017,2698,248,30.7
04/06/2017,2521.36,245.5,27.79
03/06/2017,2548.05,224.95,27.4
02/06/2017,2478.99,222.04,27.9
01/06/2017,2419.99,221.91,27.74
31/05/2017,2303.29,229.14,25.88
30/05/2017,2191.58,228.69,24.11
29/05/2017,2279.48,194.82,25.77
28/05/2017,2232.78,175.48,24.73
27/05/2017,2099.99,159.91,23.5
26/05/2017,2272.7,163.8,25.93
25/05/2017,2355,181.51,29.64
24/05/2017,2432.97,196.06,34.31
23/05/2017,2272.75,169.95,31.06
22/05/2017,2123.29,160.1,24.71
21/05/2017,2057,148.78,25.92
20/05/2017,2058.91,123.63,27.34
19/05/2017,1976.23,125.14,27.55
18/05/2017,1899.16,96.2,28.58
17/05/2017,1813.23,86.88,25.3
16/05/2017,1777.48,87.98,23.6
15/05/2017,1747.81,91,25.61
14/05/2017,1799.99,89.39,28.9
13/05/2017,1792.73,88.42,29.09
12/05/2017,1695.61,85.17,27.21
11/05/2017,1837.93,88.3,30.69
10/05/2017,1794.99,88.36,32.85
09/05/2017,1720.43,86.58,33.2
08/05/2017,1713,89.25,28.86
07/05/2017,1609.57,93.82,30.62
06/05/2017,1585.39,95.84,28.43
05/05/2017,1551.3,91.93,26.33
04/05/2017,1563.39,95.97,24.16
03/05/2017,1533,81.29,22.01
02/05/2017,1471.99,77.55,16.24
01/05/2017,1436.5,79.35,16.47
30/04/2017,1384.55,80.87,16.2
29/04/2017,1365.43,70.4,16.34
28/04/2017,1353.34,73.14,14.75
27/04/2017,1349.26,63.67,14.98
26/04/2017,1298.44,53.42,15.09
25/04/2017,1281.16,50.31,15.53
24/04/2017,1257.29,50.12,15.07
23/04/2017,1251.98,48.96,15.38
22/04/2017,1247,48.61,14.35
21/04/2017,1249.99,48.37,12.12
20/04/2017,1236.15,49.38,10.99
19/04/2017,1214.21,47.78,10.21
18/04/2017,1201.94,49.79,10.95
17/04/2017,1189.91,47.94,11.15
16/04/2017,1177.99,48.13,11.7
15/04/2017,1178.85,48.94,11.69
14/04/2017,1173.74,47.2,11.61
13/04/2017,1177.05,49.77,11.05
12/04/2017,1214.17,46.48,11.69
11/04/2017,1223.99,43.83,9.71
10/04/2017,1210,43.92,9.87
09/04/2017,1210.97,43.92,9.26
08/04/2017,1184.5,44.45,10.79
07/04/2017,1194,42.32,9.89
06/04/2017,1192.3,43.3,10.87
05/04/2017,1132.99,44.78,13
04/04/2017,1143.99,44.47,9.15
03/04/2017,1152.6,44.25,8.61
02/04/2017,1113.99,48.74,8.34
01/04/2017,1092,50.71,7.61
31/03/2017,1088.99,50.18,7.25
30/03/2017,1042.08,51.87,7.89
29/03/2017,1043.27,53.1,4.3
28/03/2017,1045.4,50.3,4.2
27/03/2017,1042.08,48.97,4.08
26/03/2017,973.08,50.73,4.1
25/03/2017,963.72,50.5,4.09
24/03/2017,934.87,52.93,4.11
23/03/2017,1025.14,42.99,3.96
22/03/2017,1034.57,41.37,3.94
21/03/2017,1114.42,42.36,4.04
20/03/2017,1044.96,42.31,4.18
19/03/2017,1019.49,43.21,3.93
18/03/2017,970,34.03,4.02
17/03/2017,1069.57,44.62,4.12
16/03/2017,1175.11,45.96,4.31
15/03/2017,1263,35.65,4.33
14/03/2017,1247.42,28.69,4.19
13/03/2017,1245.5,28.63,4.4
12/03/2017,1235.58,23.39,3.94
11/03/2017,1188.11,21.64,3.82
10/03/2017,1109.01,19.2,3.8
09/03/2017,1197.3,17.82,3.92
08/03/2017,1150.22,16.68,3.86
07/03/2017,1237.36,18.96,3.99
06/03/2017,1284.99,19.68,4.1
05/03/2017,1278.98,19.37,4.02
04/03/2017,1273.97,18.65,4.04
03/03/2017,1292.86,19.68,4.07
02/03/2017,1269.17,19.27,4.04
01/03/2017,1230,17.37,3.86
28/02/2017,1195.08,16.4,3.85
27/02/2017,1195.81,15.66,3.87
26/02/2017,1184.91,14.74,3.89
25/02/2017,1158,13.65,3.9
24/02/2017,1186.91,13.2,3.95
23/02/2017,1186.9,13.21,3.9
22/02/2017,1128.71,12.75,3.89
21/02/2017,1128.29,12.83,3.85
20/02/2017,1089.86,12.61,3.81
19/02/2017,1059.88,12.9,3.81
18/02/2017,1062.15,12.89,3.84
17/02/2017,1057.3,12.75,3.91
16/02/2017,1038.94,12.89,3.86
15/02/2017,1014.53,12.98,3.89
14/02/2017,1012.23,13.02,3.82
13/02/2017,1002.56,11.44,3.78
12/02/2017,1010,11.48,3.8
11/02/2017,1018.43,11.49,3.84
10/02/2017,1003.97,11.38,3.83
09/02/2017,985,10.99,3.76
08/02/2017,1059.14,11.45,3.96
07/02/2017,1053.97,11.49,3.98
06/02/2017,1024.39,11.34,3.97
05/02/2017,1019.31,11.29,3.97
04/02/2017,1035.84,11.42,4.02
03/02/2017,1016.77,10.95,4.06
02/02/2017,1007.66,10.82,4.09
01/02/2017,989.71,10.73,4.08
31/01/2017,970.92,10.74,4.07
30/01/2017,923.45,10.59,4.03
29/01/2017,917.31,10.5,3.88
28/01/2017,924.7,10.57,3.87
27/01/2017,923.4,10.51,3.9
26/01/2017,917.93,10.66,3.86
25/01/2017,896.81,10.52,3.69
24/01/2017,894.86,10.51,3.76
23/01/2017,924.24,10.79,3.85
22/01/2017,924.98,10.78,3.86
21/01/2017,925.36,10.99,3.92
20/01/2017,894.05,10.65,3.88
19/01/2017,901,10.47,3.88
18/01/2017,880,10.23,3.89
17/01/2017,907.58,10.2,3.93
16/01/2017,831.89,9.62,3.88
15/01/2017,830,9.95,3.96
14/01/2017,829.62,9.85,4
13/01/2017,830.79,9.79,3.97
12/01/2017,822.64,9.89,4
11/01/2017,801.5,9.9,4.02
10/01/2017,907.53,10.66,4.67
09/01/2017,905.41,10.37,4.39
08/01/2017,916.6,10.44,4.03
07/01/2017,903.7,9.96,3.98
06/01/2017,894.93,10.13,3.88
05/01/2017,995.05,10.28,4.23
04/01/2017,1133,10.98,4.55
03/01/2017,1035.19,9.69,4.55
02/01/2017,1019.01,8.36,4.56
01/01/2017,996.82,8.18,4.51
31/12/2016,970.47,8.13,4.36
30/12/2016,962.63,8.22,4.35
29/12/2016,976.75,8.29,4.69
28/12/2016,981.92,7.62,4.53
27/12/2016,921.59,7.16,4.33
26/12/2016,901.98,7.23,4.23
25/12/2016,896.73,7.22,4.3
24/12/2016,887,7.24,4.47
23/12/2016,915.5,7.18,4.49
22/12/2016,858.01,7.65,3.69
21/12/2016,828.58,7.88,3.66
20/12/2016,797.99,7.58,3.62
19/12/2016,789.91,7.62,3.66
18/12/2016,790,7.94,3.62
17/12/2016,790.07,7.68,3.72
16/12/2016,785,7.89,3.64
15/12/2016,775,7.77,3.5
14/12/2016,777.72,8.26,3.6
13/12/2016,779.79,8.4,3.65
12/12/2016,778.71,8.49,3.64
11/12/2016,770.9,8.25,3.64
10/12/2016,775.98,8.12,3.7
09/12/2016,771.77,8.55,3.74
08/12/2016,768.35,8.27,3.65
07/12/2016,766.07,8.37,3.67
06/12/2016,755.73,6.81,3.5
05/12/2016,753.36,6.69,3.58
04/12/2016,766.96,7.54,3.89
03/12/2016,766.52,7.9,3.9
02/12/2016,771.54,7.68,3.94
01/12/2016,753.57,8.46,3.88
30/11/2016,742.6,8.63,3.84
29/11/2016,731.8,8.19,3.83
28/11/2016,730.27,8.66,3.84
27/11/2016,729.01,8.9,3.87
26/11/2016,735.83,9.34,3.86
25/11/2016,739,9.4,3.87
24/11/2016,737.99,9.21,3.9
23/11/2016,741.76,9.8,3.86
22/11/2016,747,9.83,3.9
21/11/2016,735.81,9.53,3.93
20/11/2016,731,9.6,3.89
19/11/2016,750.38,9.71,3.92
18/11/2016,747.8,9.53,3.87
17/11/2016,736.57,9.98,3.9
16/11/2016,737.55,10.02,3.92
15/11/2016,712.41,10.28,3.92
14/11/2016,705.52,10.03,3.87
13/11/2016,703.98,10.14,3.86
12/11/2016,704.67,9.96,3.75
11/11/2016,714.77,10.31,3.8
10/11/2016,712.28,10.52,3.8
09/11/2016,721,10.66,3.98
08/11/2016,712.57,10.86,3.91
07/11/2016,706.82,10.94,3.88
06/11/2016,716.83,11.02,3.91
05/11/2016,706.9,11.16,3.87
04/11/2016,705.7,11.15,3.88
03/11/2016,688.93,10.88,3.9
02/11/2016,735.5,10.83,4.07
01/11/2016,731.16,10.79,4.02
31/10/2016,699.68,10.95,3.98
30/10/2016,697.65,11.22,3.93
29/10/2016,717.9,10.43,4.06
28/10/2016,689.65,11.1,3.9
27/10/2016,685.57,11.43,3.99
26/10/2016,674,11.5,3.89
25/10/2016,649.07,11.32,3.85
24/10/2016,649.75,11.9,3.87
23/10/2016,650.54,11.92,3.88
22/10/2016,655,12.04,3.84
21/10/2016,629.76,12.05,3.79
20/10/2016,627.83,12.03,3.8
19/10/2016,629.68,11.97,3.79
18/10/2016,634.97,12.53,3.91
17/10/2016,638.96,11.97,3.82
16/10/2016,642.53,11.94,3.88
15/10/2016,637.51,11.95,3.92
14/10/2016,638,11.9,3.82
13/10/2016,635.86,12.05,3.83
12/10/2016,636.92,11.77,3.8
11/10/2016,643.83,11.76,3.83
10/10/2016,618.31,11.78,3.79
09/10/2016,617.58,12.05,3.8
08/10/2016,619.59,12.28,3.86
07/10/2016,617.32,12.69,3.82
06/10/2016,611.83,12.87,3.82
05/10/2016,613.35,13.1,3.88
04/10/2016,609.25,13.34,3.85
03/10/2016,612.95,13.52,3.83
02/10/2016,612.41,13.28,3.83
01/10/2016,616,13.24,3.85
30/09/2016,607.65,13.24,3.81
29/09/2016,605.07,13.18,3.86
28/09/2016,604.98,13.31,3.81
27/09/2016,605.3,13.11,3.83
26/09/2016,606.82,12.88,3.92
25/09/2016,601.35,13.07,3.8
24/09/2016,603.69,12.94,3.87
23/09/2016,602.68,13.36,3.83
22/09/2016,595.25,13.1,3.79
21/09/2016,596.95,13.71,3.82
20/09/2016,608.98,15.09,4
19/09/2016,608.94,12.92,3.86
18/09/2016,610.99,12.58,3.87
17/09/2016,607.83,12.88,3.82
16/09/2016,607.75,12.6,3.81
15/09/2016,607.01,11.96,3.81
14/09/2016,608.95,11.93,3.85
13/09/2016,608.24,11.92,3.81
12/09/2016,607.48,11.87,3.88
11/09/2016,607.25,11.64,3.9
10/09/2016,625.1,12.07,3.96
09/09/2016,622.6,11.61,3.96
08/09/2016,628.77,11.42,4.01
07/09/2016,614.59,11.6,3.96
06/09/2016,612.37,11.73,3.95
05/09/2016,606.19,11.77,3.96
04/09/2016,611.82,11.76,4.02
03/09/2016,600.58,11.83,3.88
02/09/2016,575.38,12.11,3.84
01/09/2016,571.96,12.24,3.66
31/08/2016,571.59,11.52,3.74
30/08/2016,574.79,11.2,3.81
29/08/2016,573,10.95,3.77
28/08/2016,574.83,10.98,3.72
27/08/2016,570.42,11.21,3.78
26/08/2016,578.89,11.29,3.81
25/08/2016,576.16,11.34,3.81
24/08/2016,578.92,11,3.84
23/08/2016,582.58,10.98,3.95